timestamp,method
1654768585181,X
1654768585193,X
1654768585199,X
1654768585227,X
1654768585971,CSR
1654768586496,firstRender
1654768586505,CSR
1654768586513,CSR
1654768586529,CSR
1654768586534,CSR
1654768586537,CSR
1654768586542,CSR
1654768586544,CSR
1654768586548,CSR
1654768586551,CSR
1654768586593,CSR
1654768586595,CSR
1654768586597,CSR
1654768586600,CSR
1654768586613,CSR
1654768586925,CSR
1654768586987,CSR
1654768587024,CSR
1654768587060,CSR
1654768587139,CSR
1654768587323,CSR
1654768587357,CSR
1654768587393,CSR
1654768587428,CSR
1654768587468,CSR
1654768587524,CSR
1654768587582,CSR
1654768587691,CSR
1654768587720,CSR
1654768587721,CSR
1654768587739,CSR
1654768587740,CSR
1654768587756,CSR
1654768587757,CSR
1654768587770,CSR
1654768587771,CSR
1654768587783,CSR
1654768587785,CSR
1654768587797,CSR
1654768587799,CSR
1654768587814,CSR
1654768587817,CSR
1654768587825,CSR
1654768587826,CSR
1654768587840,CSR
1654768587841,CSR
1654768587851,CSR
1654768587852,CSR
1654768587859,CSR
1654768587869,CSR
1654768587883,CSR
1654768587893,CSR
1654768587901,CSR
1654768587916,CSR
1654768587923,CSR
1654768587929,CSR
1654768587956,CSR
1654768587963,CSR
1654768587969,CSR
1654768588067,CSR
1654768588068,CSR
1654768588080,CSR
1654768588081,CSR
1654768588092,X
1654768588093,X
1654768588105,CSR
1654768588106,CSR
1654768588118,X
1654768588119,X
1654768588131,CSR
1654768588132,CSR
1654768588144,X
1654768588144,X
1654768588156,X
1654768588157,X
1654768588169,X
1654768588170,X
1654768588182,X
1654768588182,X
1654768588402,X
1654768588403,X
1654768588414,X
1654768588415,X
1654768588427,X
1654768588427,X
1654768588439,X
1654768588440,X
1654768588452,X
1654768588453,X
1654768588465,X
1654768588465,X
1654768588477,X
1654768588478,X
1654768588490,X
1654768588491,X
1654768588503,X
1654768588503,X
1654768588515,X
1654768588516,X
1654768588736,X
1654768588737,X
1654768588742,X
1654768588742,X
1654768588747,X
1654768588748,X
1654768588753,X
1654768588754,X
1654768588758,X
1654768588759,X
1654768588764,X
1654768588765,X
1654768588770,X
1654768588770,X
1654768588775,X
1654768588776,X
1654768588781,X
1654768588781,X
1654768588786,X
1654768588787,X
1654768588999,X
1654768589001,X
1654768589006,X
1654768589008,X
1654768589013,SSR
1654768589015,SSR
1654768589020,X
1654768589021,X
1654768589026,X
1654768589027,X
1654768589031,X
1654768589033,X
1654768589037,X
1654768589038,X
1654768589042,X
1654768589043,X
1654768589048,X
1654768589048,X
1654768589053,X
1654768589054,X
1654768589305,X
1654768589592,SSR
1654768589595,CSR
1654768589597,CSR
1654768589599,CSR
1654768589620,CSR
1654768589621,CSR
1654768589623,CSR
1654768589634,CSR
1654768589636,CSR
1654768589637,CSR
1654768589751,CSR
1654768589816,CSR
1654768589823,CSR
1654768589832,CSR
1654768589858,CSR
1654768589861,CSR
1654768589873,CSR
1654768589876,CSR
1654768589881,CSR
1654768589882,CSR
1654768589960,CSR
1654768590031,CSR
1654768590041,CSR
1654768590057,CSR
1654768590096,CSR
1654768590101,CSR
1654768590108,CSR
1654768590110,CSR
1654768590130,CSR
1654768590132,CSR
1654768590170,CSR
1654768590246,CSR
1654768590257,CSR
1654768590269,CSR
1654768590302,CSR
1654768590306,CSR
1654768590310,CSR
1654768590333,CSR
1654768590349,CSR
1654768590351,CSR
1654768590353,CSR
1654768590364,CSR
1654768590365,CSR
1654768590367,CSR
1654768590379,CSR
1654768590381,CSR
1654768590382,CSR
1654768590395,CSR
1654768590396,CSR
1654768590399,CSR
1654768590401,CSR
1654768590408,CSR
1654768590465,CSR
1654768590476,CSR
1654768590487,CSR
1654768590518,CSR
1654768590531,CSR
1654768590542,CSR
1654768590560,CSR
1654768590572,CSR
1654768590581,CSR
1654768590625,CSR
1654768590643,CSR
1654768590653,CSR
1654768590660,CSR
1654768590678,CSR
1654768590681,CSR
1654768590684,CSR
1654768590702,CSR
1654768590705,CSR
1654768590708,CSR
1654768590750,CSR
1654768590774,CSR
1654768590792,CSR
1654768590801,CSR
1654768590807,CSR
1654768590810,fullLoad
1654768591066,CSR
1654768591068,CSR
1654768591094,CSR
1654768591096,CSR
1654768591098,CSR
1654768591100,CSR
1654768591105,CSR
1654768591107,CSR
1654768591118,CSR
1654768591121,CSR
1654768591137,CSR
1654768591138,CSR
1654768591144,CSR
1654768591145,CSR
1654768591157,CSR
1654768591158,CSR
1654768591170,CSR
1654768591171,CSR
1654768591183,CSR
1654768591184,CSR
1654768591402,CSR
1654768591404,CSR
1654768591408,CSR
1654768591409,CSR
1654768591413,CSR
1654768591413,CSR
1654768591418,CSR
1654768591419,CSR
1654768591423,CSR
1654768591424,CSR
1654768591429,CSR
1654768591430,CSR
1654768591462,CSR
1654768591464,CSR
1654768591465,CSR
1654768591466,CSR
1654768591467,CSR
1654768591467,CSR
1654768591468,CSR
1654768591469,CSR
1654768591721,CSR
1654768592465,CSR
1654768592472,CSR
1654768592477,CSR
1654768592482,CSR
1654768592488,CSR
1654768592493,CSR
1654768592511,CSR
1654768592512,CSR
1654768592513,CSR
1654768592516,CSR
1654768592521,CSR
1654768592527,CSR
1654768592696,CSR
1654768592748,CSR
1654768592752,CSR
1654768592758,CSR
1654768592763,CSR
1654768592769,CSR
1654768592774,CSR
1654768592780,CSR
1654768592803,CSR
1654768592805,CSR
1654768592806,CSR
1654768592807,CSR
1654768592809,CSR
1654768592813,CSR
1654768593024,CSR
1654768593037,CSR
1654768593050,CSR
1654768593062,CSR
1654768593075,CSR
1654768593088,CSR
1654768593100,CSR
1654768593113,CSR
1654768593125,CSR
1654768593138,CSR
1654768593359,CSR
1654768593526,CSR
1654768593527,CSR
1654768593528,CSR
1654768593529,CSR
1654768593529,CSR
1654768593530,CSR
1654768593531,CSR
1654768593532,CSR
1654768593533,CSR
1654768593785,CSR
1654768594793,CSR
1654768595497,CSR
1654768595499,CSR
1654768595501,CSR
1654768595502,CSR
1654768595510,CSR
1654768595510,CSR
1654768595512,CSR
1654768595513,CSR
1654768595520,CSR
1654768595520,CSR
1654768595549,CSR
1654768595550,CSR
1654768595551,CSR
1654768595551,CSR
1654768595552,CSR
1654768595553,CSR
1654768595554,CSR
1654768595554,CSR
1654768595555,CSR
1654768595555,CSR
1654768595760,CSR
1654768595761,CSR
1654768595776,CSR
1654768595777,CSR
1654768595779,CSR
1654768595779,CSR
1654768595780,CSR
1654768595781,CSR
1654768595784,CSR
1654768595784,CSR
1654768595788,CSR
1654768595789,CSR
1654768595794,CSR
1654768595794,CSR
1654768595799,CSR
1654768595800,CSR
1654768595805,CSR
1654768595805,CSR
1654768595839,CSR
1654768595841,CSR
1654768596024,CSR
1654768596026,CSR
1654768596030,CSR
1654768596032,CSR
1654768596036,CSR
1654768596038,CSR
1654768596042,CSR
1654768596043,CSR
1654768596047,CSR
1654768596047,CSR
1654768596063,CSR
1654768596063,CSR
1654768596064,CSR
1654768596065,CSR
1654768596066,CSR
1654768596067,CSR
1654768596070,CSR
1654768596071,CSR
1654768596074,CSR
1654768596075,CSR
1654768596288,CSR
1654768596290,CSR
1654768596294,CSR
1654768596296,CSR
1654768596300,CSR
1654768596302,CSR
1654768596306,CSR
1654768596307,CSR
1654768596311,CSR
1654768596312,CSR
1654768596317,CSR
1654768596318,CSR
1654768596330,CSR
1654768596330,CSR
1654768596331,CSR
1654768596332,CSR
1654768596334,CSR
1654768596335,CSR
1654768596339,CSR
1654768596340,CSR
1654768596345,CSR
1654768596345,CSR
1654768596351,CSR
1654768596351,CSR
1654768596564,CSR
1654768596566,CSR
1654768596570,CSR
1654768596572,CSR
1654768596576,CSR
1654768596578,CSR
1654768596582,CSR
1654768596583,CSR
1654768596602,CSR
1654768596603,CSR
1654768596604,CSR
1654768596605,CSR
1654768596606,CSR
1654768596606,CSR
1654768596607,CSR
1654768596608,CSR
1654768596609,CSR
1654768596610,CSR
1654768596615,CSR
1654768596615,CSR
1654768596621,CSR
1654768596621,CSR
1654768596656,CSR
1654768596657,CSR
1654768596913,CSR
1654768597921,CSR
